machine_id,total_records,total_downtime,failure_rate,avg_hydraulic_pressurebar,avg_coolant_pressurebar,avg_air_system_pressurebar,avg_spindle_vibrationm,avg_tool_vibrationm,avg_spindle_speedrpm,avg_voltagevolts,avg_torquenm,avg_cuttingkn
Makino-L1-Unit1-2013,870,0,0.0000,100.220547700202,4.96341712474823,6.50236138256117,0.995402300374946,25.3147011351311,20405.083908046,349.397701149425,24.9477373134131,2.77439080435654
Makino-L2-Unit1-2015,803,0,0.0000,103.403585337761,4.92583571780812,6.50878416230046,1.02042590251487,25.4040411157002,20290.7471980075,347.403486924035,25.1967653260284,2.79620174527317
Makino-L3-Unit1-2015,816,0,0.0000,100.855378955018,4.94511235461516,6.48776920110572,1.01137867772623,25.5274191335136,20229.7365196078,350.142769607843,25.5244090440227,2.78079656979033
